ts_utc,ts_almaty,yandex_score,yandex_trend,yandex_jam_km,dgis_score,ev_crash,ev_roadwork,ev_restriction,ev_comment,ev_other
2026-09-30T19:00:28.084293+00:00,2026-10-01T00:00:28.084293+05:00,0,0,29.6,1,,,,,
2026-09-30T19:01:27.944104+00:00,2026-10-01T00:01:27.944104+05:00,,,,1,,,,,
2026-09-30T19:02:28.068047+00:00,2026-10-01T00:02:28.068047+05:00,,,,1,,,,,
2026-09-30T19:03:28.001514+00:00,2026-10-01T00:03:28.001514+05:00,,,,1,,,,,
2026-09-30T19:04:31.333895+00:00,2026-10-01T00:04:31.333895+05:00,0,0,,1,30,6,230,35,0
2026-09-30T19:05:27.960818+00:00,2026-10-01T00:05:27.960818+05:00,,,,1,,,,,
2026-09-30T19:06:27.972686+00:00,2026-10-01T00:06:27.972686+05:00,,,,1,,,,,
2026-09-30T19:07:28.003925+00:00,2026-10-01T00:07:28.003925+05:00,,,,1,,,,,
2026-09-30T19:08:31.167102+00:00,2026-10-01T00:08:31.167102+05:00,0,0,,1,,,,,
2026-09-30T19:09:28.168462+00:00,2026-10-01T00:09:28.168462+05:00,,,,1,28,6,230,31,0
2026-09-30T19:10:28.250232+00:00,2026-10-01T00:10:28.250232+05:00,,,,1,,,,,
2026-09-30T19:11:28.146229+00:00,2026-10-01T00:11:28.146229+05:00,,,,1,,,,,
2026-09-30T19:12:28.184043+00:00,2026-10-01T00:12:28.184043+05:00,0,0,,1,,,,,
2026-09-30T19:13:28.067428+00:00,2026-10-01T00:13:28.067428+05:00,,,,1,,,,,
2026-09-30T19:14:28.210408+00:00,2026-10-01T00:14:28.210408+05:00,,,,1,29,6,230,29,0
